{
    "properties": [{
            "name": "file.path",
            "type": "java.lang.String",
            "description": "A description for 'file.path'"
        },
        {
            "name": "secret.key",
            "type": "java.lang.String",
            "description": "A description for 'secret.key'"
        },
        {
            "name": "file.temp.path",
            "type": "java.lang.String",
            "description": "A description for 'file.temp.path'"
        },
        {
            "name": "SMS.securekey",
            "type": "java.lang.String",
            "description": "A description for 'SMS.securekey'"
        },
        {
            "name": "SMS.username",
            "type": "java.lang.String",
            "description": "A description for 'SMS.username'"
        },
        {
            "name": "SMS.password",
            "type": "java.lang.String",
            "description": "A description for 'SMS.password'"
        },
        {
            "name": "SMS.senderId",
            "type": "java.lang.String",
            "description": "A description for 'SMS.senderId'"
        }
    ]
}