{
    "properties": [{
            "name": "file.path",
            "type": "java.lang.String",
            "description": "A description for 'file.path'"
        },
        {
            "name": "secret.key",
            "type": "java.lang.String",
            "description": "A description for 'secret.key'"
        },
        {
            "name": "file.temp.path",
            "type": "java.lang.String",
            "description": "A description for 'file.temp.path'"
        }
    ]
}